{
    "width": 640,
    "height": 480,
    "intrinsic_matrix": [
        591.0125,
        0,
        0,
        0,
        590.16775,
        0,
        322.525,
        244.11084,
        1
    ]
}
